i,X,Y,Z,XZ,YZ
1,1,1,0.8,1.25,1.25
2,1.5,2.5,1.5,1,1.666666667
3,2,2,2.5,0.8,0.8
4,2.5,3.5,4,0.625,0.875
5,3,3,3,1,1
6,4,6,3.5,1.142857143,1.714285714
7,6,8,4,1.5,2
8,7,5,7.5,0.933333333,0.666666667
9,9,10,9,1,1.111111111
10,10,6,12,0.833333333,0.5
