i,X,Y,lnX,lnY
1,1,1,0,0
2,1.5,2.5,0.405465108,0.916290732
3,2,2,0.693147181,0.693147181
4,2.5,3.5,0.916290732,1.252762968
5,3,3,1.098612289,1.098612289
6,4,6,1.386294361,1.791759469
7,6,8,1.791759469,2.079441542
8,7,5,1.945910149,1.609437912
9,9,10,2.197224577,2.302585093
10,10,6,2.302585093,1.791759469
